USE BDPROYECTO;

INSERT INTO SECRETARIA VALUES ("11111111", "Elizabeth", "Fernandez", "Carrillo", "FEMENINO", 51, "EE79976C9380D5E337FC1C095ECE8C8F22F91F306CEEB161FA51FECEDE2C4BA1","978556960", "1970-05-14", "Secretaria Principal");
INSERT INTO USUARIO VALUES ("11111111", "Elizabeth", "Fernandez", "Carrillo", "FEMENINO", 51, "EE79976C9380D5E337FC1C095ECE8C8F22F91F306CEEB161FA51FECEDE2C4BA1","978556960", "1970-05-14");

INSERT INTO SECRETARIA VALUES ("10101010", "Marco", "Valladolid", "Urbina", "MASCULINO", 25, "237320D509717DC3F0D6BDCD5E8DC8F88F8FD94B06C728C1AAF94118ED34AF38","977756932", "1996-04-12", "Secretario auxiliar");
INSERT INTO USUARIO VALUES ("10101010", "Marco", "Valladolid", "Urbina", "MASCULINO", 25, "237320D509717DC3F0D6BDCD5E8DC8F88F8FD94B06C728C1AAF94118ED34AF38","977756932", "1996-04-12");

INSERT INTO APODERADO VALUES ("40528742", "Lilian", "Moreno", "+51978995059", "Madre");
INSERT INTO APODERADO VALUES ("52435268", "Hernando", "García", "+51978887779", "Tío");
INSERT INTO APODERADO VALUES ("82115220", "Mike", "Sánchez", "+51921721219", "Padre");
INSERT INTO APODERADO VALUES ("61004119", "Gregorio", "Acosta", "+51932632866", "Tío");


INSERT INTO ALUMNO VALUES ("22222222", "Benjamin", "Rojas", "Alza", "MASCULINO", 12, "33A7D3DA476A32AC237B3F603A1BE62FAD00299E0D4B5A8DB8D913104EDEC629","992466613", "2010-07-09","Premio de Excelencia","40528742");
INSERT INTO USUARIO VALUES ("22222222", "Benjamin", "Rojas", "Alza", "MASCULINO", 12, "33A7D3DA476A32AC237B3F603A1BE62FAD00299E0D4B5A8DB8D913104EDEC629","992466613", "2010-07-09");

INSERT INTO ALUMNO VALUES ("29922992", "David Elías", "Esparza", "Sanchez", "MASCULINO", 11, "0297068895502FE434FB8B655769401C1231D97D249B30D50B22ED20CBDB7BB1","981355002", "2011-06-19","Percursionista reconocido","61004119");
INSERT INTO USUARIO VALUES ("29922992", "David Elías", "Esparza", "Sanchez", "MASCULINO", 11, "0297068895502FE434FB8B655769401C1231D97D249B30D50B22ED20CBDB7BB1","981355002", "2011-06-19");

INSERT INTO ALUMNO VALUES ("71238843", "Bruno Hiroshi", "Espinosa", "Luna", "MASCULINO", 12, "E121D948246F143E2A8DA785F6E829A7CF03A4867193E4DC0A32DCCC78F11718","966601212", "2010-09-11","Alérgico a la manzanilla","52435268");
INSERT INTO USUARIO VALUES ("71238843", "Bruno Hiroshi", "Espinosa", "Luna", "MASCULINO", 12, "E121D948246F143E2A8DA785F6E829A7CF03A4867193E4DC0A32DCCC78F11718","966601212", "2010-09-11");

INSERT INTO ALUMNO VALUES ("79355141", "Carla Angella", "Sánchez", "Gonzalez", "FEMENINO", 14, "9C9402A94F7F856B4212F1B1F02A791926F0883949054D2BA04FD25CA0E928B2","988210137", "2008-01-25","Atleta Profesional","52435268");
INSERT INTO USUARIO VALUES ("79355141", "Carla Angella", "Sánchez", "Gonzalez", "FEMENINO", 14, "9C9402A94F7F856B4212F1B1F02A791926F0883949054D2BA04FD25CA0E928B2","988210137", "2008-01-25");

INSERT INTO ALUMNO VALUES ("67223819", "Juliana Tania", "Angeles", "Solorzano", "FEMENINO", 13, "42A07688F6EF8015C1C89F706439AD9BE85CD93D210F6FD7440F95CCC7D9B8C2","944876793", "2009-01-08","Ninguna","61004119");
INSERT INTO USUARIO VALUES ("67223819", "Juliana Tania", "Angeles", "Solorzano", "FEMENINO", 13, "42A07688F6EF8015C1C89F706439AD9BE85CD93D210F6FD7440F95CCC7D9B8C2","944876793", "2009-01-08");

INSERT INTO ALUMNO VALUES ("89665031", "Luis Alonso", "Iglesias", "Picce", "MASCULINO", 13, "7F48F160938C66EF280146C42DFC55DA2D95E0487C710F4D22A60FE55EFD63A4","944876793", "2009-03-15","Padece de asma. Usa inhalador","40528742");
INSERT INTO USUARIO VALUES ("89665031", "Luis Alonso", "Iglesias", "Picce", "MASCULINO", 13, "7F48F160938C66EF280146C42DFC55DA2D95E0487C710F4D22A60FE55EFD63A4","944876793", "2009-03-15");


INSERT INTO DOCENTE VALUES ("72829105", "Dalia", "Morán", "Castro", "FEMENINO", 34, "C8CFC34F9F5849125150A2E2313656A25B9232A12A297F0F597CFE29CC327EE6","950050209", "1988-12-01", 3500);
INSERT INTO USUARIO VALUES ("72829105", "Dalia", "Morán", "Castro", "FEMENINO", 34, "C8CFC34F9F5849125150A2E2313656A25B9232A12A297F0F597CFE29CC327EE6","950050209", "1988-12-01");

INSERT INTO DOCENTE VALUES ("49688145", "Victor", "Degracia", "Sanchéz", "MASCULINO", 51, "9B3D6939BB1421B67CE607E95C5C7DF7C2186BD6E0A31BA3667B7D9295322243","911754202", "1971-02-27", 5250);
INSERT INTO USUARIO VALUES ("49688145", "Victor", "Degracia", "Sanchéz", "MASCULINO", 51, "9B3D6939BB1421B67CE607E95C5C7DF7C2186BD6E0A31BA3667B7D9295322243","911754202", "1971-02-27");

INSERT INTO DOCENTE VALUES ("33333333", "Marcelino", "Torres", "Villanueva", "MASCULINO", 40, "AFB47E00531153E93808589E43D02C11F6398C5BC877F7924CEBCA8211C8DD18","905105666", "1981-07-22", 3500);
INSERT INTO USUARIO VALUES ("33333333", "Marcelino", "Torres", "Villanueva", "MASCULINO", 40, "AFB47E00531153E93808589E43D02C11F6398C5BC877F7924CEBCA8211C8DD18","905105666", "1981-07-22");

INSERT INTO DOCENTE VALUES ("30439979", "Maria", "Zurita", "Palomino", "FEMENINO", 46, "64E113F2441012B3B92CB23E2EBC516441379AD49F741D7521DEDF2D7142A7D4","988123744", "1979-06-06", 5500);
INSERT INTO USUARIO VALUES ("30439979", "Maria", "Zurita", "Palomino", "FEMENINO", 46, "64E113F2441012B3B92CB23E2EBC516441379AD49F741D7521DEDF2D7142A7D4","988123744", "1979-06-06");

INSERT INTO DOCENTE VALUES ("87623145", "Luz", "Palma", "Panta", "FEMENINO", 29, "5139DFD539B66AEAED0CF22DACA9D96B5409AFAEECAAE64759872A5ACD205A24","966321866", "1992-01-11", 2500);
INSERT INTO USUARIO VALUES ("87623145", "Luz", "Palma", "Panta", "FEMENINO", 29, "5139DFD539B66AEAED0CF22DACA9D96B5409AFAEECAAE64759872A5ACD205A24","966321866", "1992-01-11");

INSERT INTO DOCENTE VALUES ("67813298", "Antonio", "Cribilleros", "Barón", "MASCULINO", 33, "DC2AEA712894FAF96CC93D62B677320964AD660616BA3EE4A591ED21FFB24286","900434387", "1989-08-30", 3000);
INSERT INTO USUARIO VALUES ("67813298", "Antonio", "Cribilleros", "Barón", "MASCULINO", 33, "DC2AEA712894FAF96CC93D62B677320964AD660616BA3EE4A591ED21FFB24286","900434387", "1989-08-30");



#Grados
INSERT INTO GRADO VALUES("GRA0000000", 1, 20, "A");
INSERT INTO GRADO VALUES("GRA0000001", 2, 25, "A");
INSERT INTO GRADO VALUES("GRA0000002", 3, 30, "A");
INSERT INTO GRADO VALUES("GRA0000003", 4, 25, "A");

#Cursos

INSERT INTO CURSO VALUES("CUR0000000", "Matemática", "Elemental", "2", 6, "GRA0000000", "72829105");
INSERT INTO CURSO VALUES("CUR0000001", "Razonamiento matemático", "Formativo", "1", 3, "GRA0000000", "72829105");
INSERT INTO CURSO VALUES("CUR0000002", "Comunicación", "Elemental", "3", 6, "GRA0000000", "30439979");
INSERT INTO CURSO VALUES("CUR0000003", "Cultura General", "Formativo", "1", 3, "GRA0000000", "30439979");
INSERT INTO CURSO VALUES("CUR0000004", "Biología, Química y Anatomía", "Elemental", "1", 4, "GRA0000000", "49688145");
INSERT INTO CURSO VALUES("CUR0000005", "Física", "Elemental", "2", 4, "GRA0000000", "49688145");
INSERT INTO CURSO VALUES("CUR0000006", "Computación", "Formativo", "1", 4, "GRA0000000", "33333333");
INSERT INTO CURSO VALUES("CUR0000007", "Inglés", "Formativo", "2", 4, "GRA0000000", "67813298");
INSERT INTO CURSO VALUES("CUR0000008", "Música", "Taller", "1", 2, "GRA0000000", "87623145");

INSERT INTO CURSO VALUES("CUR0000009", "Algebra Básica", "Elemental", "1", 5, "GRA0000001", "72829105");
INSERT INTO CURSO VALUES("CUR0000010", "Razonamiento matemático intermedio", "Formativo", "1", 3, "GRA0000001", "72829105");
INSERT INTO CURSO VALUES("CUR0000011", "Razonamiento lógico", "Formativo", "1", 3, "GRA0000001", "33333333");
INSERT INTO CURSO VALUES("CUR0000012", "Diseño gráfico elemental", "Formativo", "2", 4, "GRA0000001", "33333333");
INSERT INTO CURSO VALUES("CUR0000013", "Biología y Anatomía", "Elemental", "2", 5, "GRA0000001", "49688145");
INSERT INTO CURSO VALUES("CUR0000014", "Física: Dinámica", "Elemental", "1", 4, "GRA0000001", "49688145");
INSERT INTO CURSO VALUES("CUR0000015", "Inglés 2", "Formativo", "2", 4, "GRA0000001", "67813298");
INSERT INTO CURSO VALUES("CUR0000016", "Danzas típicas", "Taller", "1", 2, "GRA0000001", "87623145");
